index,image,label
154543,33465,0
254122,9591,0
196243,544810,1
34272,147553,1
205398,62577,0
157754,36412,0
115969,770189,1
6711,373531,1
77933,472635,1
131414,59460,0
217924,922,0
139622,942632,1
212557,27031,0
164690,866999,1
113109,309541,0
236302,750331,0
82860,602778,1
83997,632908,0
213907,876404,1
232462,945725,1
217424,157510,1
966,308245,1
232376,765783,0
119794,701919,0
221510,676609,1
253798,239371,1
61431,40960,1
25733,449548,1
201643,59116,0
210461,75642,0
147546,905079,1
180472,16978,1
156634,112992,0
118258,802968,1
251966,12414,1
107429,1677,1
28704,657022,0
8034,303767,0
134874,768910,1
13680,901279,1
187746,35911,1
252046,12732,0
188729,631246,1
120432,475705,1
117690,402357,0
134677,431852,0
197678,84613,0
67167,408224,1
160614,919839,1
137436,211896,1
204627,949420,1
174172,271248,1
170000,1906,0
178505,841851,1
99610,259826,0
79726,525101,0
232546,831402,1
127753,10746,1
108582,20700,0
231642,140449,1
206719,588453,0
104617,569529,1
206067,178496,1
86820,695356,1
115720,770249,1
35368,763803,1
231451,846318,1
158665,625835,1
36129,278234,0
177439,836427,1
119020,22929,0
51981,838105,1
147168,955268,1
161696,95203,0
50480,107747,1
221520,676722,1
145024,913031,0
251177,710080,1
137597,421667,1
137112,936607,0
139986,550484,1
138350,472568,0
249008,284231,1
204252,222311,0
70052,681964,1
48786,321873,1
183325,740303,0
218583,862452,1
251772,823852,1
188712,631358,1
185821,244395,1
67583,619165,1
27831,8948,1
19808,447960,1
43685,56702,1
111754,792323,0
222920,503581,0
22021,930044,1
68861,570175,1
204919,252167,1
114126,426736,1
169168,647943,0
150917,135592,0
184455,42411,1
145414,192952,0
238010,174825,0
59802,527228,1
233937,265447,0
235911,2839,0
112960,309552,0
133543,411245,0
159570,109315,1
124862,30455,0
136866,218188,0
189120,53,1
196543,547238,1
220487,69791,0
72724,927745,0
39793,17951,1
69710,3035,0
170651,242177,0
227571,88342,1
246765,68736,0
236056,251583,1
172265,430361,1
193435,694126,1
108750,20683,0
130209,195804,1
170008,1930,1
108352,806703,0
111790,76460,0
1280,349888,1
58472,549757,1
44399,320047,1
129004,697014,1
206422,385155,1
123779,36459,1
7461,89229,1
158758,194213,0
240786,794899,1
220580,70160,0
155117,98513,0
144184,108276,1
16795,339683,1
145228,190993,0
143791,64270,1
25551,450770,1
50763,61172,0
129598,173382,0
5857,163461,1
20740,635846,1
129730,173745,0
181347,796993,1
14567,575197,1
223225,106,1
80422,544412,1
142319,119885,0
131214,653829,1
230781,519029,0
147249,955529,1
19994,448217,1
123668,44981,1
52624,25590,1
191601,233933,0
115758,771591,1
59077,664705,1
199277,619935,0
251978,12563,0
130567,398148,1
47090,17340,1
232068,654502,1
123876,36754,1
198802,336407,1
176289,311535,0
63667,943180,1
28648,656013,0
58476,551180,1
185266,477645,0
204876,251432,0
137512,422233,0
251955,12365,0
246437,21964,0
152419,55522,1
99787,257636,1
65908,676107,1
180043,115610,0
128153,253020,0
116003,771926,1
144390,738553,1
9219,491402,1
106858,467442,1
180660,21115,1
193632,73511,0
156401,783765,1
54238,679454,1
24171,117880,1
176561,696025,0
108586,20458,1
341,930790,0
254506,289976,1
196059,524030,1
72767,898217,1
245792,546824,1
149685,733374,1
118440,268208,1
91993,807589,0
240609,403806,1
233493,629557,1
109452,367747,1
15773,91884,1
108082,255114,1
212218,23168,0
6365,475097,1
164007,896180,0
227229,605727,1
115244,121416,1
241554,41263,0
24693,651645,0
158321,458149,1
16449,938812,0
82637,604176,1
18724,134147,1
138521,309836,1
109901,43636,0
53472,509485,1
160741,24606,1
51765,492534,0
17654,745918,1
161011,63392,0
97078,911909,1
152157,116764,0
218011,106055,1
173403,649002,1
91340,800871,1
157453,684408,1
102755,419500,1
241873,571486,1
121074,7701,1
40905,445022,1
210540,75177,0
129652,173159,0
57057,790544,0
240124,27361,0
194711,609026,1
69011,19064,1
207431,389089,0
140336,8286,1
31974,46418,0
253409,6145,1
233516,629757,1
181881,533604,1
106653,5461,1
68698,296915,1
32641,97041,1
233500,629131,1
38176,5139,1
74043,355215,1
5791,838351,1
116295,770685,0
18153,314493,1
57468,348416,0
155688,84766,0
2226,441784,1
22089,935676,1
253828,237970,1
124947,31230,0
43661,56553,0
70067,682895,0
129475,171705,0
37045,119575,0
155509,801871,1
204115,222622,1
32531,97921,0
19790,447759,1
86733,705384,1
123666,44999,1
228706,521321,1
126997,500805,0
211074,4213,0
255271,868518,0
128169,254978,0
217584,157360,0
150425,580700,1
79782,525022,1
243502,82369,0
241341,730883,1
10654,179079,0
117664,404406,1
51249,186513,0
17775,762639,1
25537,450472,0
212651,26943,1
190612,288838,0
37927,381251,0
124095,32912,1
75595,612435,0
197586,84176,0
1683,7029,0
244309,50872,1
98699,938601,1
161700,95321,0
150996,133991,0
205040,846094,1
179856,765486,1
154479,34000,1
42726,4819,1
207666,50229,0
203239,274674,0
7779,731999,0
68203,891086,1
776,774992,0
226619,625550,1
156131,132316,1
193820,73376,0
224195,105408,0
146578,169279,1
191014,383189,1
209847,677878,0
245550,696945,0
104696,796228,1
63264,799361,0
8776,931389,1
70209,446393,1
207394,391263,0
9573,784654,1
27617,943888,1
128441,497112,1
72706,927553,1
13206,204246,1
54638,788730,0
29789,350892,0
230865,809485,1
481,444966,1
205074,846017,1
10526,179324,0
72667,751752,1
93245,828897,1
249619,128415,0
152860,555569,1
115500,770297,0
237007,101995,1
107104,871073,0
133040,42983,1
195730,42130,1
19680,277676,1
55989,821927,0
191580,234617,1
130939,933736,0
25623,450867,0
22954,150837,0
195238,468336,1
207369,390602,0
54094,222081,0
140586,38721,1
132453,141890,0
229654,300623,1
238625,283134,0
186788,316405,0
170563,243031,0
180481,16947,1
37897,379293,0
80698,542228,1
35313,648622,1
114288,854018,1
144264,743682,1
127694,10877,0
125915,807767,1
117790,687218,1
200439,674118,0
255456,57284,1
93977,841748,1
105217,1310,0
200866,2397,0
46857,262335,0
194585,387632,1
231035,937285,0
113178,741210,1
17719,760879,1
30790,581733,1
3034,631262,1
150291,799285,1
218645,862334,1
45707,273957,0
89526,761488,1
137865,721817,1
186639,920007,0
200356,673871,0
130397,395831,0
216119,333485,0
141478,598904,1
58672,943160,0
181513,71712,0
182379,401870,0
118649,329801,0
193670,74341,0
153324,326023,0
16171,78564,1
88811,751170,1
45659,276116,1
217725,779987,0
4481,291815,1
129717,173451,1
64709,333449,0
105146,1316,0
202231,458611,1
105131,1279,0
10256,698444,1
87600,726741,1
184751,897297,0
148942,707309,1
156882,331526,0
151762,78504,0
231923,829060,1
32737,894030,1
233895,263937,0
131465,59653,0
103283,433554,1
221417,676133,1
92853,823876,0
85196,674135,1
246428,22084,0
140146,8271,0
162007,843470,0
237112,102405,1
49699,238172,0
128222,253264,0
43910,92303,0
38182,5192,1
13524,123412,0
24589,368179,0
193290,693929,1
121507,248270,1
79015,493752,1
247580,132454,0
48147,230364,0
141202,199586,1
144186,103105,1
194582,387058,0
136904,217256,0
75890,10073,0
63859,396596,0
14019,103702,1
136388,23747,0
125383,906406,1
55672,182149,0
90575,786907,1
249174,456770,1
7386,89184,0
145794,915457,1
155879,10411,0
197724,515216,1
51081,854237,1
43665,56749,0
51617,29599,1
233801,265841,0
6703,372209,0
221572,951656,1
247272,616334,1
125171,820076,0
178647,807651,1
96421,900497,1
28829,681685,0
107353,790106,1
172755,162726,1
19085,280366,1
49861,240073,0
53401,482907,0
79166,494756,1
1508,832366,1
126665,86457,1
188898,280555,1
79653,524724,1
133872,782230,0
214660,303019,1
105760,376805,0
206433,386032,0
163530,65361,0
250675,9753,1
172373,428359,1
150127,452952,0
173555,650579,0
68814,874759,1
110489,179793,0
44058,82980,0
9452,831250,1
49691,238932,1
196557,546661,1
189489,55625,0
43720,944397,1
162454,52099,0
56,954141,1
157512,821387,0
170571,243093,0
165795,55938,1
50916,853882,1
151342,679104,1
106510,5400,1
213074,488345,0
25824,449223,0
134946,769510,0
138856,476197,0
179232,20370,1
149692,734264,0
56029,823050,1
107924,6851,0
104142,443640,1
152846,555396,1
149354,9328,1
122598,117658,1
73376,597974,1
86220,691354,1
110020,43963,0
97516,917320,0
39646,268055,1
194196,946232,0
210739,321925,0
101811,383713,1
31590,433896,1
164574,67362,0
125551,660969,0
132393,924130,1
219173,357292,1
118534,332308,0
156570,113652,1
106344,924680,1
148133,647689,1
126323,318701,0
231683,140574,0
235008,105554,0
121456,248115,0
52644,26008,0
150280,798657,1
28594,655031,0
57546,348596,1
117856,686899,0
184840,225,1
166450,646458,0
140390,8241,0
32467,839080,0
39651,268283,0
64974,659340,1
56428,587828,1
32030,45831,0
228372,642733,0
15497,464822,1
167654,109390,0
158374,823257,1
204612,949475,1
47647,369848,0
204212,224255,1
235717,535546,0
108592,20450,0
205350,62329,0
99584,260078,1
231360,58093,0
37724,829758,1
5670,774707,0
161280,140001,1
102439,396120,1
162832,273080,0
106299,801261,1
108293,764711,0
175468,144291,0
142687,835838,0
236513,19381,0
221936,743024,1
250545,571858,1
197000,21320,1
211764,605006,0
186552,644769,0
6919,768034,1
237222,472137,1
208500,609318,1
189059,282861,0
112029,76654,0
144007,683341,1
43651,56562,0
48148,229673,1
192320,501161,1
56296,307903,1
81230,562786,1
79371,503876,1
124940,30308,0
232786,837328,1
147390,105125,0
141812,120066,1
215960,45341,0
178543,841659,1
84049,629530,1
200060,148976,1
246001,246181,0
106174,800653,0
182447,710712,0
235941,2870,1
193325,692830,0
44657,200031,0
29763,350065,0
103292,433427,1
243482,81293,0
222970,504544,1
254431,290155,1
118934,22978,0
169267,648473,0
160844,24204,0
155151,97800,0
40274,486506,1
151697,78407,0
178565,750013,0
223903,343638,1
19109,276970,1
36562,542388,1
179665,779508,1
142110,118304,0
215786,45434,0
104803,14938,0
73255,18386,1
207005,509937,1
218112,106183,1
172746,162781,0
131469,59184,0
61396,40947,0
88595,740999,1
128990,696440,1
213933,876198,1
139022,476013,0
210402,4310,1
240409,343710,1
172490,624979,1
28862,682075,1
199602,769830,1
181936,532064,1
125953,168355,1
180347,582041,0
212620,27158,0
178903,910405,1
232279,765724,1
145113,193137,0
111097,343494,0
192253,502449,1
213649,508058,1
124164,32757,1
209171,105014,1
172708,852321,0
121004,7547,0
158271,459559,1
35690,231586,1
215282,354970,1
49285,111062,0
41259,446637,1
10105,757923,0
11899,904157,0
219032,357174,0
140304,8274,1
123742,907868,0
123088,16473,1
49245,111078,0
225901,206104,1
133127,43002,1
112739,830683,1
7532,212523,0
40416,160153,1
66141,457219,0
49892,326123,0
113552,472023,1
156753,330960,1
47050,17550,1
112470,937133,0
228453,59722,1
218775,742776,0
202703,719947,0
196927,34305,0
229104,250853,1
128705,418378,1
224573,8520,1
152775,556275,0
9129,480233,1
887,689762,1
42235,492106,1
235531,1127,0
184002,603083,1
215878,45256,0
119821,702039,0
93799,842946,1
5669,774798,0
72623,445682,1
106914,465729,1
25825,449123,0
200934,2491,0
24856,649895,0
35899,848267,0
112938,308696,0
120093,10935,0
87047,713154,1
249746,418521,1
228456,60587,1
202634,720147,0
28748,656853,0
9418,27903,0
159203,957256,1
178327,679549,1
119365,99803,0
45173,482477,1
22023,935696,1
143675,66991,1
252564,631942,0
234882,106957,1
103484,432902,1
124743,30613,0
225957,205986,0
124396,159738,0
218744,744068,1
150576,580965,1
87218,716952,1
191815,232819,0
205862,70566,1
213469,202739,1
63590,306279,0
194840,48610,0
229527,359648,0
59063,223947,1
168603,442979,1
251032,408353,0
217032,793521,1
102645,409560,0
113687,426315,1
87799,727008,1
54347,188537,0
244602,311940,1
189730,11049,1
44626,199874,0
68562,396078,1
182774,768120,1
136438,23497,0
47184,17083,0
199474,887414,0
159243,957338,1
111736,792108,1
68581,395837,1
217950,843,1
187790,35213,0
95112,862004,1
980,307267,1
179878,765243,1
2472,165986,1
227739,685473,1
148182,48715,0
227364,728264,1
117804,687745,1
156624,113504,1
139521,753062,0
56004,823082,0
174746,935973,1
120951,773949,0
55800,81507,0
249929,324139,1
57770,12813,0
957,307196,1
110057,44318,1
150388,52542,1
123840,36470,1
231372,58040,1
16121,78879,1
205614,63062,0
42225,492050,1
240007,842487,1
215978,45388,0
133519,411728,0
56009,822940,1
184311,699582,1
39660,268063,1
186768,920363,0
133532,413069,0
162059,364633,1
221062,335914,1
20665,635085,1
34135,147277,0
5025,312730,0
235675,535021,1
227629,3910,0
73281,18973,0
135835,364303,1
66886,941476,1
166472,646348,0
64006,343122,0
61589,552836,1
148826,411219,0
120352,622831,0
12130,750759,1
196570,544789,0
135667,154311,0
237767,29987,0
136494,23666,1
43911,92678,1
13627,792087,1
237506,785713,0
162537,2346,0
140460,38188,0
241484,41324,0
224806,593479,1
227869,13443,0
228011,13478,0
169997,1912,1
179605,779769,1
134070,150691,0
188890,632645,1
218742,743877,1
1375,268321,1
194905,47765,0
29750,348622,0
142392,671381,1
142859,24460,1
68864,570462,1
140166,8070,0
27814,9039,0
123099,16633,1
49160,299026,1
119072,955215,1
150389,52478,1
68347,284730,1
185286,736956,0
175829,83403,0
95477,875583,1
111823,77640,0
90029,774574,1
183288,739933,0
167223,685065,1
185307,738273,1
155339,423412,0
111326,236189,1
124635,159170,0
19606,281626,1
95395,875926,1
114396,853595,1
226050,206053,0
155226,97888,0
14372,278990,0
10778,763981,0
129327,775697,1
180680,21004,1
190421,563300,1
3790,714229,0
15556,464666,0
237604,786179,1
128636,420720,1
206552,387561,0
106657,5511,1
173972,128979,0
83014,618584,1
157627,821617,0
218686,744294,1
76166,101487,0
154983,938148,1
145757,804305,1
110255,180308,0
137925,721206,0
218304,375614,1
156983,331679,0
244375,940811,1
112480,937360,1
232189,653298,1
73484,598271,0
226723,624902,0
166321,726915,1
210929,606426,1
141631,597542,1
170025,1855,1
48012,230310,1
225169,3692,0
139608,943108,0
22026,934137,1
163631,66212,0
97377,916508,1
51311,186876,1
110859,343630,0
143586,66917,1
235948,2851,0
248731,109298,1
110557,692562,1
166540,556527,1
46902,263284,1
205971,70934,1
75873,9855,0
127219,930257,1
78892,490905,1
242667,512751,1
95562,875340,1
180023,115055,0
31989,46652,1
55718,183701,0
148571,171447,1
46047,921062,1
109269,368695,0
252499,633423,1
215121,354917,0
7850,53986,1
107789,6897,1
184785,308,0
46639,851761,1
212835,578674,1
171065,847634,1
42547,687491,1
67076,139201,1
149215,9520,1
7633,210377,1
145620,912657,0
193859,74340,0
150580,790573,1
113418,657713,1
159623,116016,1
116773,878987,0
227753,685066,1
230405,272494,1
82267,591228,1
138699,309813,0
152367,55483,1
238375,676613,1
207803,281806,1
201018,43973,0
156154,131762,1
134360,249573,0
19786,450814,1
157456,685351,1
49672,239165,0
184415,42335,1
138446,309719,0
22756,677790,0
87883,721842,1
241260,730333,0
7266,642702,1
98031,924222,0
63612,306226,1
9463,831354,0
82962,618212,1
1663,7026,0
50479,107893,1
66877,941810,1
51016,854466,1
166892,64621,0
17297,406054,1
249139,456522,1
135930,365406,0
247243,616526,1
56643,249516,1
157761,36621,0
175682,814494,1
96575,899800,1
101773,387754,1
23232,187039,1
248788,108583,1
196555,547891,1
128924,696218,0
7452,88834,0
18888,277650,0
232285,765704,1
146680,169852,0
205380,63103,0
142017,119072,0
152630,555955,1
209134,104908,1
108874,758239,0
173661,763387,0
179533,779200,1
206228,178033,1
221516,676094,1
247889,819546,1
48052,229906,1
191729,233799,1
75423,305751,0
205390,62937,0
101895,388575,0
249184,456002,1
162275,363873,1
117254,225239,0
3125,633316,1
1435,916625,1
23142,186794,0
192559,816698,0
152353,55541,1
47586,368794,1
107731,58523,1
43033,316392,0
60890,19724,0
161453,801160,1
151502,19764,1
141669,912704,1
95102,861576,1
131844,810238,1
13678,902381,1
112843,915660,1
23603,941565,1
32447,840084,1
236030,2871,0
30648,581076,1
201551,859668,1
42223,491917,1
157252,494336,1
231322,58180,1
8462,43030,1
31054,746461,1
249594,127608,0
46584,850360,1
213390,202870,1
36925,251931,1
23435,638916,1
171825,362117,1
105557,377578,1
105151,1354,0
213707,509114,0
122360,720255,1
40841,76743,1
131582,59435,0
6445,53725,1
207777,280404,1
243961,663021,0
131593,38072,0
61633,552977,1
57189,32801,0
179752,921876,1
205260,280252,0
208767,769374,1
53541,735,0
176333,312444,0
164357,929052,1
48753,321957,0
246546,599158,1
253339,6006,0
175400,144341,0
232991,15880,0
1681,7108,1
14436,279121,0
182685,768059,0
46004,584615,0
7757,732312,1
216354,334281,0
113695,426503,1
160811,24125,1
58196,432081,1
76256,101038,0
195167,466241,1
150082,292016,0
238285,176486,1
120466,476773,1
244347,50852,1
242909,51094,0
100186,161870,1
185689,6379,1
78627,489201,1
202105,269110,0
4808,311479,1
128792,417083,0
101461,385163,1
88818,751613,1
68330,284603,1
34509,913813,1
217381,156784,1
110493,181781,0
146377,169325,0
243598,81114,0
191298,28690,1
138026,890547,1
168687,660129,1
157454,685034,0
44244,926915,1
210454,75490,1
174093,270557,1
211331,322292,0
21216,756752,0
134750,432025,1
156003,53459,1
234903,106868,0
162383,52088,0
70154,444826,0
67449,337995,0
51738,491515,0
69544,777717,0
42110,852283,1
34201,146018,0
14615,574705,0
198280,355,0
16927,183158,1
185536,6613,0
14307,278334,0
218543,862629,1
144233,108872,1
107860,6783,0
79933,521055,1
134388,247113,0
19122,274611,1
87888,723889,1
151363,679295,0
52684,25801,1
212779,578561,1
114803,337392,1
244784,668800,1
164791,866381,1
141910,118869,0
190359,561009,0
35512,234563,0
73068,174751,0
216154,333896,0
171819,360325,0
135305,7228,1
192795,935241,0
226208,206529,0
56437,587251,1
249102,454854,1
128137,254955,1
231891,80121,1
8021,303525,0
240066,842787,1
47041,17108,0
160668,24950,1
134016,151562,0
106317,924600,1
246174,245901,1
140215,8211,0
148346,734635,0
204823,250349,0
234394,209407,1
170006,1826,0
70202,445797,1
194672,607811,1
165974,301332,0
123046,204559,1
193058,568343,1
141821,118739,0
32165,813272,1
144190,106953,1
171550,228959,1
246557,600014,0
44489,889578,1
241928,569843,1
13533,620831,1
185566,6380,0
64817,334569,0
154670,539142,1
4557,291436,0
179674,779814,1
149843,734446,1
70184,444880,0
215236,358137,1
56021,822982,0
170791,461867,0
29792,350464,0
13077,38974,0
63468,641695,1
155886,10403,0
124603,161306,0
72392,825622,1
4381,291593,0
65978,675401,1
150182,454219,0
119327,99920,1
63860,398442,0
73006,174299,1
220565,69994,0
228567,60485,1
43850,92644,0
69172,18575,1
6430,53734,1
210371,4296,1
218370,374521,0
166028,301648,1
177250,600733,0
175560,439227,1
36967,119399,1
23180,188022,0
157905,784364,0
232932,15666,0
165765,56933,1
100763,288957,0
213790,508032,1
146113,95204,0
135208,7416,1
164681,866604,1
861,689702,1
152204,116127,0
192604,816363,0
156106,131958,1
124162,32753,0
116526,880055,0
123102,16763,1
101190,327594,1
165528,144358,0
242904,50687,0
22074,935003,1
146126,95500,0
232875,15478,0
119122,955765,1
196435,907725,1
72385,825707,1
247223,616271,1
217040,849592,0
155461,801855,1
10641,177782,0
157286,860916,1
70751,950528,1
70866,746047,1
49568,21885,1
77635,454646,1
1383,268057,0
136762,305165,1
146372,169761,1
189503,55884,1
182666,768225,1
70842,745825,0
64387,838560,0
248660,109518,1
110554,15148,0
136527,23732,0
227388,727495,1
235581,1160,0
185696,6465,1
20607,634462,1
199832,893676,1
1900,691642,1
162692,35748,0
188879,631824,1
171998,362168,0
4952,310909,0
196238,541987,1
209780,591703,1
132430,139510,0
155940,53968,0
53893,222091,1
48889,726134,0
158215,220989,0
142668,835584,1
180047,114656,0
70155,446431,1
19397,280521,1
75863,9926,0
161255,139975,0
126773,86409,1
64172,760905,0
245127,18152,1
18633,133748,1
72326,825761,1
120441,476043,1
241684,41389,1
228435,641891,0
202125,460048,0
14252,279350,0
203464,275014,0
174185,270953,1
11076,136944,1
108580,20825,0
248426,243795,1
108468,792266,1
163991,922543,1
177916,64594,0
88082,734268,1
35960,847326,1
141356,197846,1
198623,335761,0
48211,229842,1
217500,156553,1
200997,43970,1
11630,639915,1
147523,736678,1
196922,34254,1
172976,163097,0
47899,952690,1
168529,441710,1
169951,4621,1
186839,316527,1
119390,98945,0
179023,630637,1
66093,457706,0
243522,82446,0
139122,826166,0
7909,54744,1
12049,827028,1
174925,305242,0
228575,59876,1
158140,220701,1
146521,171045,1
56363,307824,1
194474,268495,1
27508,944579,1
80480,539477,1
205250,282436,1
119363,98528,1
107631,58455,0
187617,773293,0
143044,65765,1
203164,49964,1
243307,108436,0
54959,253499,1
110771,341702,0
19602,281716,1
90788,786499,0
191615,234149,1
244402,940137,1
73453,595368,1
235057,106762,0
166484,644622,0
158996,195274,0
222887,502904,1
210866,321038,1
51616,29578,1
198468,146394,1
218452,614493,1
220702,625882,0
102576,403792,1
154763,536691,0
121110,7483,0
26315,2027,0
42154,914832,1
239803,824518,1
11793,797980,0
216458,559910,1
117165,225751,1
19987,447682,1
127536,547336,0
186991,875997,1
195024,113137,0
134437,248821,1
55680,183009,0
193251,691722,0
244455,940138,0
7323,89046,0
185596,6355,1
143704,65510,1
123384,263755,0
56234,128336,1
146276,169922,0
193227,570807,1
136961,218665,0
163375,65464,0
6873,767695,1
225533,60198,1
30984,748040,0
149146,273908,1
124061,497893,1
3683,73388,0
139970,550377,1
91611,801329,1
53836,222048,1
7590,212753,0
226994,779752,0
4560,289918,0
76401,347449,1
112871,915661,1
184657,699605,1
203060,899402,1
92876,822848,1
76279,100436,0
195030,114141,1
241364,730357,1
249544,128375,1
181116,862144,0
247834,540929,1
124823,31012,1
93186,829677,0
217932,949,0
170736,241118,0
239014,504572,1
198355,146507,1
51674,490497,1
222398,154154,1
151622,77987,0
146064,94466,0
60984,19580,0
229644,358400,1
194297,720408,0
8836,748437,0
35566,233804,0
52498,946044,1
232191,654376,1
38669,318915,0
8473,43053,1
218668,742415,0
139967,550439,1
247423,12137,1
104727,795559,1
77246,9482,1
71139,455363,0
250210,924384,0
18072,155264,1
144223,109014,1
157127,495045,0
252878,125929,0
213659,507713,1
156587,113167,1
42730,5016,1
139072,825440,1
224056,957295,1
61813,409370,0
202728,720000,1
182031,534206,0
218119,106364,0
210314,4373,0
189802,168621,1
147190,955428,1
208401,608614,1
111600,593813,1
225966,205947,1
100810,278637,1
190787,210559,1
36788,252479,0
15263,538091,1
167178,685472,1
70915,913677,1
140525,38476,1
225978,206239,0
239017,504288,1
1293,268694,0
186781,919332,0
95227,872152,1
146034,95629,1
33736,137813,1
36527,542224,1
207247,391010,0
81945,594001,1
83084,618547,1
159486,116820,1
237019,103255,1
12894,39218,0
78322,474162,1
26978,121104,0
225834,205016,1
66014,455488,1
9281,491203,1
60832,828049,1
152921,556898,1
71416,577258,1
150079,290765,1
33688,136288,1
1370,268728,0
187446,519110,0
83746,640852,1
206129,177263,1
142928,24042,0
158156,220150,0
199936,932461,1
148784,412170,1
43215,313742,0
60188,716616,1
66898,941737,1
107674,58391,0
189099,280927,1
143753,65221,1
73164,40081,1
158703,626541,1
158005,27841,1
133644,413314,0
96095,893380,1
247415,12072,0
18983,276549,1
53856,220732,0
165099,902909,1
233160,215134,0
39587,842141,1
88011,733940,1
35371,763228,0
61743,507407,1
27443,425706,1
56464,587648,1
74719,951848,0
211291,322820,1
141223,198175,0
108647,20682,0
193578,74509,0
40729,77117,0
180252,582272,1
140347,8117,1
56433,587355,1
200287,672970,1
247202,615923,1
112385,593114,1
105287,236827,0
173821,764588,0
153783,668294,0
174367,8701,0
254306,708895,1
161334,139738,0
181052,861397,1
136443,23577,0
225497,60588,1
132709,692966,0
143441,681735,0
11718,639504,0
251197,90598,0
8044,304203,0
46743,262925,0
165233,715121,0
33226,226565,0
68198,891072,1
184158,833777,1
87530,725533,1
244000,664947,0
188158,556763,1
142918,24315,1
41379,667083,1
238668,283972,1
87686,726858,1
140539,38963,1
112169,498819,1
150296,799779,0
78159,473586,1
232188,654404,1
35811,501654,0
119185,99636,0
229259,26896,1
211553,606757,1
224614,8424,1
31102,883228,1
180320,582207,1
247127,740010,1
83383,626327,1
153995,669667,1
60092,526962,1
78309,469377,1
28793,656887,0
189635,11054,1
233271,214384,0
222487,153260,0
39504,784015,0
109519,950863,0
24779,652041,0
174774,935532,1
38552,319970,0
53560,684,1
69865,96572,1
143013,65700,1
76323,346891,1
49720,240074,0
204345,224238,0
254967,800898,1
82664,607428,1
217885,901459,1
3395,894230,1
21427,847093,1
53265,780987,1
142643,835882,0
58880,222903,0
76088,101863,0
69828,95557,0
129216,486814,1
121086,7562,1
83601,620980,0
181048,862187,1
17386,405867,1
170062,1947,1
40096,702892,1
34031,147621,0
36946,252336,1
181260,362294,1
249233,456446,0
45641,2732,1
228088,858118,0
199238,618665,0
134400,246812,0
104954,14290,0
89042,750369,1
39986,584387,1
109533,950494,1
143766,64187,0
140348,7931,1
86252,689649,1
156751,331990,1
121127,7593,1
229788,668729,0
6816,767699,0
228569,60154,0
237936,176452,1
77866,474896,1
236872,10260,1
202647,719172,1
72243,628100,1
59228,716755,1
246859,68707,1
127857,254373,0
99334,948690,1
54575,189307,0
192129,391437,1
132609,140921,0
212808,578638,1
138119,12495,1
5473,815977,1
205417,63036,1
159979,671158,1
250655,9783,1
147241,955571,1
113281,443068,1
126351,916077,1
17401,830209,1
187898,12566,1
204844,250555,0
200590,70422,0
135253,7393,0
239185,504322,1
175766,814883,0
37934,379860,0
150104,453816,1
116935,879930,1
48246,228910,1
156077,53525,1
144235,742353,1
128295,496568,0
85174,673079,1
217611,156930,1
232202,654636,1
68214,891014,1
224226,104212,0
14001,103919,0
229053,251956,1
29250,665428,1
195357,394254,0
104915,14451,0
121902,483885,1
81618,579694,0
250658,9643,1
112511,937587,1
28265,288409,0
82719,606486,1
252418,314726,0
205876,70626,1
62009,709505,1
66828,559050,1
231211,851826,0
217726,779923,0
23358,636450,1
167436,110124,0
149250,9273,0
18266,314613,1
128704,418431,1
177843,64500,1
17772,760876,0
24746,651404,1
221776,745204,1
119971,850961,1
249524,127839,0
94083,846612,1
47672,368253,0
123826,36879,0
16126,78421,0
154738,539090,1
174665,604387,1
191999,389966,1
144320,738279,1
26078,24749,1
22474,235030,0
133614,413018,0
32222,158843,0
241062,1554,0
24538,367789,0
101002,289002,1
9560,785477,1
216093,334585,0
44771,199895,0
69121,18441,0
4357,291827,0
68352,282241,1
122570,121280,1
162701,35355,0
191239,28672,1
54111,855644,1
236934,10265,1
204801,251628,0
165174,717565,1
18384,133230,1
236783,376518,0
158368,460386,1
68701,298535,1
64293,762606,0
57683,12773,0
131257,335029,0
179456,429207,1
76260,100388,0
241028,1517,0
158177,219720,0
198522,146372,1
69080,19211,0
238414,676367,0
128019,255232,0
72595,445644,0
49204,300752,0
191341,161866,1
155366,424334,0
173139,435625,1
234749,611663,1
211964,10653,1
138643,309225,0
232929,15224,0
113349,658084,1
113808,820779,1
240449,344508,1
75294,305485,1
67013,139319,0
145686,804844,1
196200,543886,1
65554,93248,0
141699,912668,1
50059,326410,0
251649,578299,1
115317,130769,0
37108,119336,1
183934,217534,1
24852,650740,0
80901,561371,1
3776,712709,0
112990,308632,0
210867,322349,0
154751,536931,0
198760,333949,1
227038,779402,1
150125,452479,1
221563,951352,1
50866,232749,1
111168,784993,1
106627,5434,1
101046,288078,1
44752,199240,0
98084,926226,1
138909,475245,0
64853,333663,1
116073,771825,1
185359,738159,0
195203,467946,1
192462,501190,1
119477,773728,1
144213,104030,1
252898,126349,0
213255,37835,1
198743,334765,1
173940,128728,0
179495,429277,1
181167,362367,1
146547,169422,0
56903,847913,1
199467,618697,1
36978,118691,1
40466,159229,1
212601,26634,0
61788,508098,1
28616,656863,0
53972,221396,1
9068,617143,1
136878,217487,0
61762,508146,1
58926,223267,1
54198,680324,0
229268,26884,1
63163,609982,1
72611,445777,1
48735,321684,0
5685,776293,0
214485,301001,1
186303,424262,0
197201,21419,0
43252,316872,0
168353,273008,1
208905,438768,1
205021,846143,1
171178,12260,1
149426,66795,1
213836,878383,1
223393,460286,1
165931,300057,0
182509,711266,1
34530,914128,1
24024,861325,1
54764,940071,1
108464,791909,0
252883,126749,0
14220,276518,0
112800,830649,0
137913,722865,0
68785,874957,1
196349,591615,0
55758,81112,0
161305,139676,0
29326,665416,1
26963,122209,0
236923,10251,1
105145,1285,0
186792,316821,0
63610,306489,1
241786,570488,1
122411,115152,1
152529,867317,0
166784,64362,1
8652,42415,0
205331,62237,0
123733,908207,1
31637,434374,1
113290,442842,1
56196,129270,1
95309,865775,0
69042,18676,1
179337,429262,1
224327,80279,0
125280,819625,1
56032,822655,0
221877,909015,0
149228,9545,0
23236,186994,1
115578,770892,1
142821,23969,1
207264,390239,1
38424,131965,0
10620,178131,1
56237,129214,1
209569,384075,1
234138,34688,0
232856,15856,0
16522,451648,0
77059,3320,0
12999,38946,0
66481,85518,0
184045,602868,1
1854,295853,0
151163,680108,0
234162,35037,0
234160,34536,0
215358,357532,0
111121,344500,0
206509,386902,1
41698,834157,0
218932,356481,0
87874,727188,0
82201,594084,1
225207,60493,1
97117,911986,0
184820,283,1
66028,454679,1
107403,1695,0
223350,461211,1
142489,670798,1
221473,675590,0
129192,834877,1
163223,75843,0
51919,492038,0
106427,914328,0
143712,66692,1
128584,420404,0
128111,255402,0
143129,65834,1
68422,190016,1
247088,740228,0
202052,271287,0
113627,840996,1
24311,60657,0
178204,420932,1
208963,438722,1
217469,157179,1
42619,4961,0
160132,672145,0
145339,190704,1
163240,74599,0
236787,377406,1
8556,42873,1
61371,40537,0
222803,505861,1
97873,927114,1
251042,406761,1
224159,105475,1
2442,163945,1
68331,284785,1
3849,713942,1
127687,10762,0
87791,722983,1
11832,798136,1
67278,408425,0
125920,808596,0
123196,345408,0
2336,736096,1
224260,104379,0
7898,54668,1
88977,746252,1
108518,792339,1
130756,648112,0
176710,892569,1
56006,822270,0
248114,528044,1
105904,377507,0
164438,67578,1
173271,438011,1
2748,165781,0
164647,67158,0
24043,860453,1
115332,130703,1
253232,904486,0
178913,910402,1
86981,704105,1
107254,476965,1
162578,2349,0
82310,584492,1
252338,315772,1
50402,919016,0
134261,150054,0
100836,283216,1
151000,135342,0
2271,442416,1
64788,332450,1
253930,828167,1
170569,241483,0
233602,123083,0
241432,839488,0
110774,342693,1
204055,224986,0
215086,356706,1
127920,255412,1
14014,103000,0
149104,274880,1
188245,558898,1
240016,842213,0
203735,517499,1
139482,753173,0
247359,383248,1
141157,199291,1
107280,478446,1
216118,334039,0
207686,49482,0
185317,738645,1
47170,17198,1
135060,951554,0
9303,27906,0
113982,889274,1
102864,416444,0
126937,499148,0
146234,791744,1
126883,14706,1
242924,51039,1
198610,336123,1
24892,649922,1
52294,664838,0
14206,277454,0
233974,264827,0
12456,394412,1
58934,223436,0
186932,316522,1
177106,600366,1
119918,700858,0
4625,290902,1
241565,41344,0
106225,800886,0
152355,55771,1
20583,633442,1
115851,771865,1
156536,488,1
56963,790419,1
169209,648692,0
44356,318553,0
10091,757361,1
12849,38453,0
191496,234392,1
134274,151856,0
253389,6324,1
129922,926739,1
68977,18857,0
119727,713542,1
76339,346091,1
197667,84852,0
136424,23784,0
182120,534298,0
16023,867694,1
29821,350853,0
127060,264909,1
7726,212798,0
158027,28248,1
67077,139315,0
167889,818020,1
76283,346575,1
252435,315754,1
127734,11000,0
203207,49826,1
194576,385250,1
89161,755523,1
4765,313231,0
108627,20593,0
40861,76775,1
234643,209590,0
173683,764547,0
89212,761396,1
49706,237779,1
149365,9419,0
245824,546901,1
76204,101602,0
149165,275090,0
100653,287072,1
23993,860720,1
122907,117887,0
238821,256221,1
185829,245689,0
132933,788031,1
225340,61024,0
229123,251302,1
68556,395777,1
17404,831071,0
214333,303344,1
18041,156465,1
46440,240427,1
237289,473409,1
44442,318308,0
72748,898084,0
17955,154609,0
209655,591531,1
158510,719800,1
248867,285361,1
26363,2137,1
163183,76031,0
251319,90590,0
194807,48380,0
126955,501438,1
199479,887080,0
178657,808322,0
3198,677817,1
123429,262355,0
13361,25827,0
79282,504792,1
118390,268251,1
158016,28222,1
12829,759711,1
60294,716338,1
3827,712420,1
32595,97428,1
201815,270993,0
113265,443646,1
168541,442657,1
72351,824827,1
102999,420607,1
162151,364679,1
212491,915414,1
195403,394235,0
231699,140076,0
159151,197426,0
226539,625752,1
73170,39133,1
4674,311728,0
22672,494967,1
177754,488197,1
107698,58416,1
174022,128807,1
232058,654683,0
241642,41216,0
150760,30912,1
154204,911463,1
10198,698697,1
97695,922341,1
194661,387907,1
33515,645362,1
239753,824349,1
176173,728598,1
189605,55530,1
142219,118840,0
198823,25258,0
92742,825011,1
158091,99123,1
237968,176586,0
14487,575544,1
133467,412807,0
199387,619785,1
25921,903471,1
189707,11182,1
55874,80655,1
149217,9279,0
138126,12455,0
163029,75126,0
105126,805299,1
188999,281445,0
88236,735130,1
52617,26098,1
131415,59045,0
227639,3790,0
66881,941726,1
151216,678671,0
5700,776163,1
149593,353305,1
176098,729142,0
202372,461298,1
105456,236420,0
135189,7473,1
162907,584443,0
9163,480445,1
162606,2276,1
185745,245348,0
147172,954936,0
48367,484048,0
36670,946872,1
140127,8020,0
42724,4887,0
217962,946,1
250199,749423,1
4328,364795,0
53572,775,0
155858,85184,0
202244,458349,0
34833,291978,1
197743,511516,0
68802,874864,0
150750,31842,1
2431,164657,1
185762,246088,1
7394,89313,1
131552,59062,1
85534,682279,0
132327,886572,1
171842,362382,0
40413,160548,0
146659,169945,0
115514,771322,1
99799,264085,1
83123,618334,1
176801,54947,0
96365,900963,1
207599,50233,0
173786,764476,0
61974,708981,0
211557,606398,0
77040,3362,1
250400,827240,1
139603,942698,1
6002,163229,0
244027,665055,1
187506,835359,0
217888,901323,1
164230,150,1
39964,584493,1
249589,128430,0
103444,431009,1
84624,660013,1
6831,768166,0
119017,23055,0
149830,734544,1
47973,230111,1
138077,891699,1
13618,792513,1
43774,944829,1
239504,812872,1
95720,885718,1
222639,16162,0
46876,261257,0
209121,105072,1
208239,340646,1
234920,106114,1
196540,547660,1
175695,814533,0
204861,251838,1
193597,74519,1
240700,404498,1
135164,7437,1
248918,285316,1
206025,178568,1
139009,474960,0
134868,769372,1
218549,862600,0
229666,300630,1
208217,340478,1
249218,456194,1
31992,46523,0
159331,116386,0
122665,583292,0
60527,93444,1
100927,287432,0
205606,63074,0
162090,365416,0
154585,536354,0
32227,158905,0
201132,344856,1
169774,656029,1
224664,8482,0
238337,676251,0
226482,317662,1
28483,738236,1
211948,10565,0
144570,451014,0
234392,208158,1
203496,275067,1
193059,569261,1
197047,21394,0
218828,356605,0
47607,369304,1
242498,96991,1
219352,10596,0
138582,309738,0
48863,725129,0
140548,38010,1
70482,659442,1
199466,618243,1
158203,219344,1
159631,116340,1
156685,113348,1
151704,79262,1
194110,45691,0
72430,359316,0
24291,60570,0
161770,95153,0
235900,2856,1
68350,282766,0
107181,479315,0
11916,904061,1
158355,460138,0
8448,43099,0
253287,905318,1
133684,411151,0
177273,599639,1
245314,696641,1
165896,301336,0
247325,383358,1
147252,955465,1
154250,5715,0
113993,888284,1
111660,594692,1
75875,10050,0
1896,689976,0
148982,707423,1
48911,725321,0
72743,927725,1
104594,570051,1
22909,151023,1
169824,4708,1
158848,197593,0
170547,243167,0
199537,887596,1
122883,117942,0
48023,230324,0
193241,572005,1
110221,180165,0
2427,736015,1
144195,107902,1
5954,163319,0
223221,101,0
66775,560326,1
119676,713174,1
57474,349239,1
13477,122315,0
22369,235269,0
124513,161062,0
149219,9392,0
59950,527372,1
173581,649830,1
9521,785457,1
224911,28433,0
6594,372686,1
21227,754914,1
213259,37007,1
86889,705349,1
203789,514376,0
23505,638980,0
242849,50379,1
85063,667361,1
182367,399876,1
179492,428009,1
131290,335589,1
245644,897073,0
160011,671535,1
157077,496073,1
145112,193042,0
74494,806535,1
180531,242254,0
67137,408484,0
140912,95118,0
161987,845031,1
246468,21967,0
4688,312436,0
69439,597150,0
82999,611583,1
230038,814244,0
5680,775657,0
242421,96251,0
169408,883865,0
157196,494261,1
200675,71261,0
34675,127346,1
195003,112998,0
69307,596178,1
41663,833335,0
133942,150251,0
29190,9911,1
80819,563604,1
222743,16227,0
135321,7356,0
150022,292498,0
181416,47478,1
211542,606123,0
135235,7201,0
184096,833681,1
217487,158188,1
123163,16572,1
255485,57282,0
159180,957587,1
1392,268860,0
33766,13794,1
226442,316307,1
163094,75742,0
138416,840540,1
49043,301463,0
42340,895743,1
144740,130608,0
154236,5817,1
16610,340101,1
220465,69903,0
57635,13079,0
158385,822448,0
197155,21362,0
52458,946032,0
121303,247815,1
9345,27960,0
119344,99715,0
143223,383007,1
241588,41319,0
38048,258158,1
185031,477472,0
179969,114951,0
57496,349210,1
103452,431919,1
52398,664941,0
179309,429416,1
222827,503590,0
199399,619713,1
17383,405786,1
48565,85894,1
10951,624,0
27295,425892,0
143421,682347,1
120446,474234,1
133605,410815,0
178428,841084,1
47980,228978,1
187926,12726,1
69390,596790,1
31138,883474,1
56057,111547,1
227534,88350,1
228380,642406,0
99158,949004,1
1357,267236,0
182276,398852,0
165925,301378,1
135,953816,1
9437,831438,1
198155,517046,1
207857,280709,0
72619,445363,1
66709,165125,1
180905,718833,1
239120,503399,1
140354,8268,0
243470,82362,1
75516,804852,1
140424,38754,0
107085,868020,1
252616,631401,0
32213,156857,0
33475,645968,0
249014,284420,1
45168,480112,1
166790,64584,1
140308,7918,1
122867,118129,0
150554,580982,1
143723,63735,1
232901,15584,0
161054,63729,1
40652,77015,0
176966,55035,0
251887,12491,1
229,771399,1
231677,140052,0
28854,681962,1
105789,377491,0
56413,310518,1
173757,764362,0
15753,92161,1
137635,422006,1
216763,702460,0
240002,938895,1
28331,289390,1
103514,423309,1
225444,60821,0
193322,694352,1
73125,39802,1
159955,261009,0
101686,388808,1
185163,478202,1
81980,583708,0
77256,3439,0
123832,36873,1
46669,850733,1
75375,306952,0
23328,638306,1
233758,909530,1
191530,234660,1
66426,86442,1
26034,25062,0
162969,584250,0
174097,271076,1
89148,760475,1
148833,411916,1
224795,594897,0
206867,588652,1
97713,923189,1
223737,52235,1
159641,115608,0
223922,343515,1
193653,74044,1
196171,545042,1
127348,125627,1
195191,467757,1
120168,124031,0
48540,86309,1
2775,165934,0
247979,72336,1
36000,723160,0
35352,647403,0
201108,346474,1
141397,599277,1
66781,560531,1
217651,755552,1
52799,26105,0
210483,75565,0
194143,45939,1
187524,835137,1
236882,10229,0
67501,100207,1
225597,60745,1
204140,224008,1
242831,50474,0
8756,931792,0
86852,700132,1
13753,902419,1
190259,797445,1
69217,18514,0
33957,13761,0
196292,591723,1
118835,665953,1
183078,538637,0
201747,58473,1
73545,598187,1
64838,333373,1
176143,729354,1
24893,652070,1
119968,851768,1
215536,487300,0
7141,642674,0
8767,930959,1
23627,941120,0
8534,42594,0
177288,598470,1
249251,456308,1
241299,730271,1
149965,924030,1
227249,604480,0
195315,395406,1
162392,52026,0
228553,60459,1
149991,292568,0
216528,559548,1
242341,96851,1
177898,64577,1
69775,3148,0
54524,188770,0
254394,58218,1
201155,346477,1
114302,853678,0
214169,11459,1
69843,96065,0
107501,673076,1
250955,208619,1
150047,292451,1
152430,55694,1
179220,20207,1
213459,202789,1
28794,655623,0
27900,9228,0
236511,19808,0
151099,135001,0
242000,692840,0
184377,699655,1
28660,654980,0
6803,766497,0
12313,691108,1
124628,161144,0
47185,17469,0
245205,17625,1
13348,25653,1
4712,312526,0
50599,62115,0
144999,913057,0
246891,68137,0
61774,506633,1
221487,676272,0
142828,24380,0
64828,334545,1
186629,642845,1
70549,658484,1
188674,722307,0
12056,827464,1
238884,256910,1
47271,724185,0
218307,375580,1
170922,463846,1
112995,308510,0
4065,725728,0
238805,256309,1
87076,716539,1
223933,340638,1
209210,735921,1
52791,26213,1
56510,586235,1
231012,937199,0
252650,630916,0
54671,788701,0
225567,60815,0
38628,320009,0
133666,412654,1
53350,687920,0
97831,920638,0
83673,620358,1
209938,678567,1
69864,96556,1
160650,24675,1
134091,150976,1
13033,38325,0
94879,863780,1
114430,673230,1
56128,111481,1
234291,34703,1
2310,735156,1
74342,806738,1
159385,115846,1
13738,902119,1
62056,709883,1
234935,105600,0
7209,641356,0
128188,254613,0
32575,98016,1
17089,622239,0
233405,482433,1
244252,50848,1
190656,286591,0
18160,314758,1
48558,85623,1
135162,7237,0
64571,455015,0
1583,7088,0
102634,420121,1
110532,15011,1
33280,859380,0
146370,168999,0
69208,18298,0
113463,657235,1
227937,13395,0
38257,5156,1
207625,49483,0
128229,499112,1
203737,514344,1
48624,321493,1
38728,319585,0
252988,126841,0
1165,350871,1
38376,132862,1
19984,447711,1
16922,182326,0
226838,778746,1
116600,878891,1
148802,410787,1
759,775015,1
66374,86317,1
120701,627692,0
223942,342718,1
218794,356092,1
248813,285064,1
133655,412984,1
156292,550056,1
79092,492112,0
6649,373504,1
222504,957008,1
196252,542024,1
249241,456498,1
194902,47936,0
35141,440617,0
190020,167200,0
131029,933191,1
22975,151038,1
241113,1621,1
147875,885239,1
11672,639441,1
140356,8057,0
79205,504752,1
248860,285491,1
107389,1743,1
206765,588806,1
106418,913628,1
252916,126773,0
38619,319619,0
173313,436034,1
106682,5366,0
166896,64197,0
114464,673890,0
202317,460347,1
55072,434512,1
137919,722920,1
183726,947561,1
91660,803488,1
68351,284583,1
19695,278122,1
53558,729,0
177658,609287,0
237276,473436,1
44213,926730,1
142303,119025,0
221404,676422,1
217766,780309,1
129944,926725,1
186028,246131,0
196579,547700,1
162995,585409,1
237136,102812,1
108253,765395,0
87304,715678,1
67982,202348,1
234738,612975,0
184931,480532,0
204744,252308,0
53875,222140,0
50902,232677,1
91778,810910,1
179620,779596,1
174845,16783,1
244367,50745,0
254783,372126,1
112070,497675,1
136760,305619,1
157364,861320,0
206619,586456,1
145060,913039,0
200639,70761,0
108120,255053,0
251126,709735,1
40995,446733,0
234260,34948,0
60815,828288,1
69911,95650,1
91292,794449,1
228960,521444,1
158343,460279,1
33794,13529,0
189504,56057,0
126841,14637,1
46657,850953,1
104952,14597,0
240145,27694,1
47214,17122,0
137619,421771,1
121003,7685,1
69160,18447,1
102766,420927,1
176237,729165,1
81742,579827,1
101165,328300,1
78301,471338,0
181685,72733,0
135092,7202,0
9161,478403,0
138234,471810,1
13555,621051,1
67197,406551,1
61944,406603,1
166295,528272,0
12890,39107,1
174424,327998,1
246473,22017,1
136451,23383,0
157825,36283,0
101983,388742,0
194675,609022,1
8238,822999,0
109155,354535,0
153706,669745,0
161817,95328,0
149645,353440,1
2987,633662,1
185006,477801,0
88743,751981,1
210353,4406,1
68551,396072,1
141200,198448,0
62613,297112,0
3239,677717,1
37091,118675,1
160908,63404,0
95190,872000,1
37893,380883,0
136805,305911,1
62199,22700,1
20121,451829,1
198835,25050,1
58556,436828,1
198752,335958,1
159404,116832,0
173033,436414,1
57234,32783,1
188231,556378,1
215655,487260,0
177860,64527,1
158360,460119,1
223330,461509,1
69221,18803,1
181643,72389,0
22713,678399,0
227129,296732,0
26441,120762,0
75963,9877,0
26218,865454,0
67534,100686,1
54738,788273,0
225617,203825,0
114032,427602,1
24181,118150,1
74018,353994,1
104883,14434,1
180122,115469,0
166611,555771,1
170584,242879,0
64294,796188,0
72990,175052,1
248650,108464,0
175017,849945,1
140355,8067,0
101150,328195,1
200707,70657,0
166948,64130,0
57347,33078,0
231038,936693,1
255527,56711,1
48561,85938,1
77103,3382,0
65279,670969,1
50949,854730,1
216351,335338,1
46059,921567,1
213418,202928,0
53389,483855,1
128369,496781,1
67003,138916,1
67065,138684,1
149056,706653,1
66021,456845,0
46788,261743,0
3312,677533,1
225813,205599,0
214230,11411,0
125272,819453,1
70372,446718,1
49172,301688,0
205009,846689,0
151399,660037,1
251671,577960,1
136437,23186,0
162246,366073,0
46528,701518,1
239404,563640,1
192176,502442,1
107945,6831,0
213275,37807,1
20288,451138,1
247527,132426,1
118393,268200,1
12754,759174,1
217594,157741,1
93357,829969,1
236265,751383,1
32416,158426,1
66853,941514,1
14572,575469,1
195704,466316,0
113580,469130,0
51743,491303,1
199122,422504,1
248965,284949,1
118792,665807,1
54360,190214,0
250631,572197,1
109973,44283,1
98795,939642,1
254041,9658,1
121421,246709,1
81175,560636,1
127991,255607,0
140413,38665,1
165003,925565,1
60469,92937,1
163163,75147,0
92617,823334,1
75282,305636,0
129607,173528,0
184212,401039,0
213571,203181,0
145823,915969,1
205801,955267,1
204731,252100,0
46943,17552,0
173587,649968,1
24632,367804,1
209919,678601,1
217134,849633,1
249109,456511,1
120866,773932,0
178525,841012,1
110615,15012,1
205783,760218,1
81423,568248,1
195334,392965,0
153536,323598,0
157322,861086,0
209834,678430,0
120651,626226,1
70270,446620,0
203996,224346,0
150989,134830,0
184203,402252,1
185313,738365,0
55371,52835,1
28045,289153,0
160694,24985,1
39331,532925,0
191141,28353,0
213582,509292,0
222048,7785,0
125896,39821,0
253478,6121,1
150394,52468,0
95275,876036,1
161710,94763,0
135090,7348,0
77562,461986,1
67418,337511,0
106549,5587,0
219877,733486,1
60146,527157,0
179221,20427,0
186512,644766,1
199539,887729,1
59424,882428,0
19812,451567,1
54186,680475,1
236680,375848,1
175395,144046,0
238100,176115,0
73632,596072,0
137596,421740,0
184434,42462,1
62144,22680,1
140382,8215,0
8517,43176,0
47494,369233,0
16883,183242,0
56373,310290,1
120239,846715,1
230423,271488,1
155754,85292,1
68340,284578,1
246285,941188,1
51861,490287,1
129432,173161,0
1420,916843,1
199586,886768,1
220520,69898,0
165583,144152,0
122197,386837,0
55911,822946,1
191342,162098,1
213055,489306,1
132038,435331,1
25068,872548,1
215797,45034,0
36121,278080,1
192226,502655,1
64759,333872,1
14930,533993,0
164452,67106,1
35824,502462,1
128639,420697,0
211082,4215,0
203935,919158,1
254767,372034,1
209337,49033,1
172644,852348,0
161223,139945,0
174768,936118,1
218240,375209,1
228563,60329,0
192450,502231,1
178930,910211,1
235181,414223,0
68735,875088,1
198796,335951,1
127768,11042,1
845,688205,1
4368,291266,1
241066,1504,0
152632,555837,1
92570,824868,1
165129,716380,0
18236,314448,1
53928,221840,0
171727,230418,1
107478,672395,1
82067,592990,1
120634,475198,0
237755,29777,0
168544,442550,0
10998,521,1
50932,854011,1
72494,359334,1
246103,243916,0
179652,779497,1
220511,69834,0
142976,24439,0
225316,60921,1
35625,233831,1
235334,781852,1
170374,737516,1
241008,78597,0
50731,61873,0
66332,86335,1
213487,203190,0
111896,76507,0
69941,96599,1
157792,37167,0
242297,96748,0
62789,298548,1
121032,7625,1
220583,69137,0
185476,738508,0
239169,502872,1
189886,167884,0
84904,654068,0
190210,798074,1
105615,375354,0
180203,731319,1
48381,485051,1
149743,734388,0
212064,447061,0
248562,243799,1
140533,38727,0
240588,402861,1
19376,281896,1
8463,43422,0
172825,162915,1
203485,275406,1
142814,24003,0
157443,683603,1
132996,788217,1
7331,89231,0
56523,587381,1
222780,16516,1
145750,804838,1
195777,41756,0
33757,13903,1
126157,924682,1
210030,543430,1
133928,151662,0
92895,824865,1
44074,82795,0
93015,830687,1
239305,828343,1
161888,95149,1
114840,337270,1
148303,48859,0
189735,11149,0
76416,346011,0
145964,94552,0
51270,186169,0
254065,9797,1
8454,42978,0
141219,199447,1
186064,244766,0
218038,106355,1
47003,17123,0
49805,240065,0
15632,464821,0
202392,460009,0
227386,728710,1
227764,686476,1
236438,19575,0
117470,405125,0
131427,58923,0
67526,101400,1
214842,812032,0
66741,560317,1
105769,376655,0
199193,422364,1
106370,924777,1
173973,129557,0
149326,9271,0
33994,147278,0
46838,263285,0
113710,426303,1
13135,204691,1
131249,332710,0
9492,784926,1
177839,64532,0
66417,86497,0
243229,947340,1
242497,96859,0
22781,677557,1
105692,377470,0
225948,203566,0
154350,5677,1
185768,244085,0
111772,790865,0
183100,536675,0
3391,894009,1
117801,687084,0
190884,383920,0
143212,382950,1
184422,41981,1
53925,221672,0
197256,397479,1
16592,338604,1
220862,381120,0
20610,633779,1
40203,241890,1
72033,62371,1
225751,206545,1
193563,73791,0
139086,825952,1
94114,847195,1
19241,277680,1
178621,751437,1
81254,554334,1
169203,648963,0
16217,78900,0
87896,727160,1
182325,401838,1
151504,19688,1
149707,734191,1
62500,298974,0
36820,251772,0
186831,315095,0
109040,354075,1
139336,124888,1
26934,120350,0
113681,426734,1
207540,50250,0
54152,856186,0
236379,19991,1
62397,296628,1
250959,409454,0
253922,828448,1
167933,817914,1
144181,105190,1
5613,775542,0
114043,427378,0
150698,790745,0
182473,711820,1
136709,304596,1
221059,338052,1
128834,419029,0
213663,509456,1
22991,189038,1
31021,746946,0
173213,437657,0
26931,122012,0
216688,703421,1
130580,397151,0
251586,928497,0
254223,441828,1
103086,420554,1
59738,874875,1
62237,22273,1
85868,683985,1
82262,593452,1
175591,440327,1
112832,915619,1
43954,92691,1
29767,349217,1
205522,63110,0
192002,391774,1
187822,35018,1
198710,335679,1
213860,878313,1
196215,544402,1
53395,483264,1
191437,930261,1
69365,598086,1
6461,53756,1
32692,97858,0
222711,16639,0
187478,835507,1
38656,317626,0
12942,38743,0
130579,397750,1
144202,106707,1
10628,176983,0
245148,18059,1
152516,867124,1
72311,626829,0
32757,893255,1
17475,11849,1
151498,19569,1
163208,75364,0
22792,677597,1
32560,96797,1
119836,701451,1
115312,130855,0
191749,232861,0
244292,50551,1
111676,593220,0
107447,1681,0
23336,638820,1
133998,150171,0
151458,660904,1
26068,24878,1
64721,331849,0
85600,678138,0
171142,12146,1
142972,24313,0
148981,707303,1
42270,68133,1
254386,58388,0
28290,287434,0
157755,36937,1
223495,787911,0
117445,404173,0
168400,441655,1
174404,8698,0
249813,419299,1
66120,456320,1
2053,293336,0
191296,29019,1
69191,18577,0
143814,67574,0
157575,821275,0
7497,86995,0
155167,97653,0
164259,162,1
107436,1744,1
17344,404586,0
208890,438703,1
82118,592830,1
13165,204146,0
7600,210131,0
68874,569873,1
145840,916481,1
98482,938478,1
98069,926441,1
199995,148501,0
222331,154133,1
106435,914164,0
152197,116819,0
158151,220689,0
223100,832850,0
169204,648285,0
210270,4470,0
109232,368643,0
72596,445420,1
49506,21699,1
5910,163316,0
127827,11033,1
87741,720814,1
239671,744164,1
83171,618238,1
7300,86813,0
17798,741083,1
173888,764457,1
85070,674143,1
73526,598256,0
49624,239394,0
53520,509521,1
215508,486774,0
156844,331899,1
5138,400915,1
171161,12176,1
106159,801403,0
221365,898715,0
72239,628312,1
226566,625267,0
55998,822203,0
96042,894516,1
167617,108661,0
195329,394731,1
65034,658877,0
99999,168169,1
144584,454257,1
144178,108991,1
101566,381862,1
224207,105394,0
187728,774086,1
68959,18750,0
110593,691148,0
136496,23759,0
166819,64484,1
66684,164238,1
5924,162023,1
13581,620881,1
245526,696933,1
72644,752091,1
181595,72778,0
230387,272399,1
49321,111690,0
82622,602492,1
188688,722137,0
19302,277249,1
113223,740690,1
196174,543904,1
122571,121324,1
163780,863407,1
26655,120407,0
232843,15174,0
3950,714525,0
213364,203001,0
215776,45622,0
1291,267110,1
125583,660449,1
238634,283627,1
189062,282592,0
44034,83911,1
59517,711011,1
110369,181516,0
35219,438565,0
94980,863889,1
72698,927651,0
173827,764469,0
242259,491369,1
156735,331904,0
12950,38245,0
27368,424688,1
219370,471066,1
100398,163935,1
233809,265830,0
114953,620746,0
237184,102676,1
152019,61719,1
68547,396056,1
223515,166739,0
38303,5270,0
32266,158928,0
254751,369348,0
30562,581166,0
205408,62917,0
137438,209134,0
72032,62728,0
53577,759,1
128180,254704,1
128738,417545,0
223783,52587,0
242871,51168,0
118497,928726,1
149126,274906,1
182533,710917,0
5653,776124,0
2819,164382,0
112774,830514,1
64380,839926,0
70261,446328,1
213422,202209,1
158223,221248,0
178433,841663,1
51440,185368,0
136394,23317,1
7653,209735,0
141276,197333,1
7706,212211,0
61738,507911,1
61184,816692,1
116506,879967,0
128695,419847,1
204248,223831,1
58807,602219,1
30814,581257,0
175244,143446,1
110186,849918,1
106468,914278,1
77028,3294,0
152342,55587,1
176971,54841,0
179048,630815,0
38324,5133,0
173607,650749,1
228365,642443,1
150849,135494,0
7870,54688,1
136542,23508,0
239407,563950,1
157504,820545,0
125374,940723,1
119067,955895,0
61054,511442,1
189472,55586,1
253384,6015,1
126589,86800,1
179289,429326,1
77194,3437,0
185959,245209,0
232834,15459,0
144008,684528,1
13827,102506,0
159202,957559,1
159330,116736,1
205768,759345,0
222453,153821,0
49926,326198,1
109936,44106,0
111876,77400,1
199223,422322,1
110060,44284,0
100611,285757,1
30819,582176,1
143254,382878,1
167559,110509,0
174100,269449,1
245864,546495,1
151728,78730,0
200844,2583,0
218048,105675,1
29923,350932,0
38992,532853,0
48279,484695,1
121073,7696,0
58331,432264,1
152412,55807,1
107625,58501,0
104911,14699,0
144998,912781,1
148779,410470,1
128100,255048,1
143481,682915,1
17784,741376,1
174147,271123,0
186141,423232,1
77528,461349,1
48220,230233,1
38014,257949,0
190661,287123,1
213413,203255,0
133227,180527,1
154932,538665,0
251591,929258,1
131964,435246,0
221912,741560,1
28923,680742,1
192664,816818,0
181536,72560,0
86380,692795,1
112044,497751,1
3471,957753,1
236635,376033,1
13428,122976,0
206247,178256,0
153531,324426,0
75849,10053,1
227905,13486,0
146352,169355,1
115021,620682,1
135157,7271,0
186759,919267,1
63288,799027,1
140154,7967,1
32309,157934,0
230827,514119,1
56061,111473,1
227378,728673,1
55860,81069,1
42974,865178,0
101549,377415,1
8236,822888,1
187739,35456,1
76887,90452,1
18021,156011,1
159514,116696,1
207781,279671,1
116304,770164,1
26275,2217,0
232432,945756,0
78711,481889,0
111154,784690,1
11956,903948,1
162633,2350,0
82495,599842,0
25364,10243,1
204711,252311,0
128184,255472,1
219884,733381,1
81400,576480,1
244300,50840,0
58445,551256,1
78152,477021,1
21809,848839,1
87886,723771,1
33992,146608,1
133439,413316,0
108437,48917,1
35823,501010,1
255450,57181,0
228132,857392,1
241889,571479,1
130044,13470,1
10223,698541,1
132714,693129,1
133230,181017,1
57913,233039,1
77914,470338,1
200623,71243,0
228396,642244,0
15082,537132,0
237278,473551,1
80951,558286,1
1795,295850,0
149269,9454,0
251024,408773,0
198536,146653,0
143111,65116,1
184520,278824,1
244434,940135,0
149477,67018,0
7342,89040,1
113206,741212,1
77118,9345,1
35682,233050,1
24145,117024,0
130195,196210,1
67572,618333,1
188619,722101,0
254907,799805,1
155196,98266,0
110916,342953,0
195746,42322,0
54554,190113,0
144859,130995,1
144230,107969,1
155829,84064,0
113796,821078,1
250667,9663,1
154484,33760,1
55981,822572,1
615,149516,1
227782,686014,0
41691,833146,1
199520,887609,0
122704,582425,1
144173,106488,1
79144,501554,1
168557,443014,1
170503,757639,1
203492,275312,1
140736,51161,0
67515,100591,0
97896,927190,0
204892,252411,0
207436,391552,0
57711,12889,0
46136,921347,1
132205,754570,1
229844,669367,1
99445,952294,0
249443,917119,1
174795,17287,1
53948,221667,0
247372,384195,1
118045,686794,1
113519,470994,0
180294,579947,0
194006,904842,1
565,147906,0
179158,20411,1
30199,416910,0
76202,101275,0
221434,675763,1
23194,188573,1
140326,8290,0
144175,107995,1
163307,76094,0
141279,198103,0
225594,60705,0
25753,450585,0
149983,923549,0
37392,956585,1
234552,209272,0
136873,218612,0
48939,725844,1
27728,9155,0
20370,447860,1
164324,929069,0
25332,10213,1
105285,236999,1
47515,369829,1
124945,30857,0
143836,67480,1
78172,472856,1
43883,92399,0
53301,780924,0
181732,72564,0
233307,215425,1
110038,43785,1
6830,766494,0
157335,861193,0
127434,126255,1
107578,673432,1
45302,482131,1
47182,17126,0
234197,34533,0
111506,761878,0
76398,347430,0
210246,540572,1
18202,314628,1
127641,10827,1
114406,673756,1
90254,777781,1
250582,571814,1
21333,755561,1
131477,59423,0
26061,25463,0
184109,832667,1
187772,35943,0
136470,23756,0
72370,825618,1
29446,134588,1
5327,399768,1
158227,220948,1
254735,371955,0
171560,230986,0
97964,927108,1
42326,894599,0
234579,207010,0
27082,424903,1
138075,891239,1
46975,16801,0
144182,109019,1
122678,583086,1
198296,376,1
216316,334010,0
208408,609428,1
227104,909938,0
244890,668954,1
216455,560053,1
77023,9538,1
230566,513628,1
164491,66937,1
148881,411886,1
129168,834612,1
18127,156528,1
142288,118217,0
214494,302687,1
56222,129362,1
75428,804084,0
241490,41218,1
56345,310287,1
145624,913094,1
191412,161957,1
112936,309542,0
8559,42886,1
200838,2558,1
247848,819587,0
22493,234965,0
187233,522674,1
33486,644329,1
81653,579927,1
124021,497256,1
126793,926661,1
222767,16745,0
60465,93210,1
240979,78653,0
142606,835721,1
69114,18898,1
132752,692954,1
233554,629284,1
236902,10160,1
212984,897074,1
147787,884500,1
11291,339580,1
75700,612371,0
29212,9914,1
179191,20269,1
17896,740452,1
12987,38282,0
195130,113464,0
163355,66339,0
130735,647966,1
109532,950962,0
4051,725785,0
123772,907586,1
51307,186848,0
167168,685385,0
59653,874793,1
241036,1561,0
165736,832403,1
19840,451028,1
142383,671202,1
125537,661852,0
167415,109200,1
145614,913043,0
152391,55507,1
184183,402161,1
253088,126629,0
212248,23379,1
209313,49102,1
74,953097,1
194489,268664,0
229660,300848,0
4752,311386,1
12948,38236,0
245220,18149,0
79617,525036,1
121119,7527,1
211450,322967,1
172794,163105,1
77342,452572,1
126842,14852,1
194754,48585,1
221110,338054,1
251254,90728,0
197741,516973,1
132040,433969,1
184163,832997,1
20172,447616,1
74214,356909,1
127507,547905,1
44091,83496,1
76580,634194,1
158262,460147,1
53702,663802,0
141372,199545,1
217983,841,1
107652,57928,0
158519,721592,1
149676,734616,1
193805,74297,0
161233,140008,1
254288,708843,1
241276,730877,1
252109,315307,1
191090,28881,0
28216,288905,0
167756,149616,1
225785,203796,0
174850,17483,1
21094,754453,1
144168,108173,1
181039,862206,0
25970,903792,1
206716,588225,0
5376,815930,1
69225,18513,0
120590,473898,0
126227,318661,1
199836,893830,1
148536,34877,1
174420,8791,0
154293,5763,0
218961,356929,1
83933,640398,1
195144,466384,1
114151,427573,1
89110,760902,1
6774,768069,1
173330,437971,1
173810,763123,1
200606,71186,0
48859,726525,1
133536,411346,1
26842,122076,0
208778,769165,1
186726,920427,0
213169,487849,1
248914,284517,1
222262,153371,1
249662,128148,0
193598,74514,0
3525,73933,0
212609,27186,0
144393,743422,1
242273,96931,1
194529,268484,0
238535,908214,1
136330,818788,0
206161,178241,0
8602,43203,0
155878,10397,0
109711,464252,0
218559,862046,1
72277,625979,1
100768,286141,1
242492,96936,1
64097,947140,1
65315,707126,1
202103,269672,1
73393,596187,0
228188,641074,0
251891,12363,0
46793,263552,1
1865,690895,0
7671,211988,0
180666,21089,1
144211,106171,1
206084,176255,0
137113,936331,0
30831,582529,1
234202,34444,1
204594,949579,1
48,954013,1
26476,122208,0
874,689729,1
224251,105473,0
202187,460229,0
222402,153897,1
164293,921593,1
125097,856022,0
107167,479478,0
156950,332335,0
101499,388857,1
26290,2142,0
165698,144644,0
19804,451595,1
57771,12871,0
246467,22028,0
42310,67555,0
142818,24528,1
43814,92534,0
182372,399886,0
9443,830281,0
253210,905333,0
26623,120841,1
120993,7519,1
244775,669188,1
26354,2206,1
240531,752310,0
243993,664538,0
250914,208560,1
18686,135987,1
78368,469081,0
242316,96222,1
205822,956052,1
194491,267237,0
253891,828311,1
163892,922258,1
42880,634178,0
225450,60932,1
95133,864389,1
138522,309632,1
48420,483951,0
242576,510324,0
12415,394503,0
193819,74436,0
207920,256774,0
239355,828700,1
77072,3336,1
244597,310062,1
221389,676429,1
133486,413108,1
61181,815819,0
90209,775165,0
202513,459369,0
121589,482989,0
198309,412,0
235078,106515,0
42031,852595,1
179574,778275,1
12840,38206,0
3653,73808,0
119790,701524,0
87998,735344,1
50058,323365,0
9969,758232,1
140222,8288,0
3431,894361,1
143157,65209,1
67093,139336,1
232900,15777,0
80426,544418,1
208877,438620,1
227812,13275,0
83100,614886,1
215367,358397,0
226691,625505,1
194209,947154,1
247401,12095,0
7578,212754,0
178709,807643,1
176651,892611,0
35709,231983,1
148115,648066,1
162642,35531,0
131443,59478,0
60935,880487,1
143672,64384,1
166315,725309,1
13379,123447,0
32381,157665,0
173955,129561,1
95974,893881,1
38006,257179,0
226948,779637,1
9320,27857,0
142941,24369,0
233752,909365,0
64876,333037,1
128036,254287,1
201532,859270,0
8468,42854,0
108381,807154,0
140111,8204,0
205711,760236,1
152260,898686,0
169901,4785,1
172772,162804,0
95376,866032,1
35707,233333,0
194375,753099,1
215116,358516,0
23153,187488,0
32233,157048,0
54124,856026,1
21678,848340,1
141247,198071,0
34505,914321,1
163040,75854,1
148813,412067,1
155260,98523,0
2682,165675,0
87816,726966,1
133958,151374,0
15411,819765,1
24569,369838,1
74793,941578,1
144107,303330,1
136392,23215,0
146626,169874,0
113665,426491,1
803,775702,1
144219,107586,1
134509,249548,0
63067,610325,1
58044,431633,0
136447,23651,0
81683,572800,0
33692,137457,0
136591,47063,1
222143,354676,1
235522,1100,0
67990,200794,0
234893,106298,1
195151,467663,0
6884,767859,0
84408,648777,1
213439,202564,0
544,149545,0
113566,470512,0
26369,2216,1
199063,422691,0
168985,843699,0
21198,756339,1
6868,767129,1
167396,108643,0
166051,301389,1
100606,278763,1
201521,858475,0
175841,82512,1
108630,20553,0
40624,158865,1
124842,30345,0
243766,865604,0
229457,359186,1
76086,101868,0
204931,845660,1
69714,3114,1
160531,919732,1
224690,8612,0
187407,523175,0
75013,832243,1
65804,93531,0
16669,340496,1
24821,651374,0
221640,745230,1
185192,480230,1
228557,60427,0
170089,167143,1
193213,571678,1
146133,94748,0
63198,798702,1
68615,298732,0
55737,184037,0
206018,178353,1
230166,573894,0
175783,814632,0
235118,106653,0
89897,769100,1
156332,552494,1
112039,497577,1
207478,388396,0
79530,503282,1
192239,501309,0
54542,190064,0
118404,267881,1
163362,66408,1
48243,227575,0
10116,757211,1
143979,684206,1
252860,126393,1
188241,559279,1
126210,318398,1
212536,802358,1
64073,343236,1
159435,115482,1
52345,664407,0
6457,53272,0
188361,32159,0
176707,892416,1
205940,70503,1
196680,596225,1
48595,86099,1
156423,782858,1
227042,780282,0
208894,438709,1
210933,604740,0
138198,468955,1
88019,735163,1
8746,43421,0
21735,848481,1
190445,564080,0
12063,826621,0
141736,912640,0
111849,76963,0
48197,230231,1
7454,89293,0
172070,361238,1
220773,625703,1
70087,680979,0
126276,318958,1
80411,546230,1
70281,446065,1
206184,178572,1
159207,957469,1
124820,31240,0
190550,563970,1
58937,223730,1
205539,62357,0
24494,368944,0
12265,690397,1
108797,20227,0
110717,344412,1
166791,64609,0
184485,277623,1
242703,818408,0
58702,943500,1
156621,112357,1
253089,126891,0
46424,237446,0
229453,360281,1
219721,562202,1
235480,782247,1
590,149553,1
103874,444775,1
119443,773507,1
58952,221537,1
199055,422494,1
181227,360283,0
72010,62080,0
143933,661184,1
152820,555029,0
90665,786890,1
213477,201763,0
217723,780195,1
233021,15691,0
131639,37556,0
178155,421111,0
158048,28005,1
113052,308125,0
84312,652572,1
4551,290294,1
9988,758303,0
48237,229729,0
74417,805999,1
97968,926425,1
210691,323015,1
158013,27974,1
53146,957023,1
140944,93797,1
181405,47687,0
202717,720015,1
223209,132,1
87486,727012,1
227767,686617,1
184795,295,1
239188,505063,1
13373,25881,1
145656,913052,0
174510,327721,1
71359,577365,0
167657,110114,0
223959,343696,1
50265,617249,1
81734,579073,1
210442,75305,1
8132,414589,1
126631,87103,1
87564,725305,1
237383,473579,0
64214,761581,0
35993,723573,1
23363,638039,0
46889,262393,0
10561,179031,0
182913,537249,1
72720,927663,0
230654,518539,1
63796,398447,0
179560,779786,1
43888,92450,1
14454,278169,0
223986,341762,1
133602,411295,1
32956,226750,0
126309,318890,1
150203,451225,0
225249,60879,1
138384,841016,1
200884,2470,0
215333,356244,0
194266,722183,0
157709,36889,0
85826,678848,1
72210,628451,1
160906,63996,0
125647,827432,1
213661,507847,1
39500,784397,0
8603,42516,0
218090,106199,0
72546,359270,1
135111,7336,0
53849,221999,0
25087,873648,1
171307,231159,0
108326,807304,1
72000,62595,1
44112,83677,0
235600,534050,1
173331,436237,0
59589,710472,0
49988,326495,1
124141,32311,1
23442,638987,1
56454,587311,1
230065,713588,0
69715,3006,1
75651,610670,0
97958,927209,1
141965,120064,1
155745,84933,0
39505,783704,0
13352,25976,1
145246,192870,1
29257,663991,0
129547,173611,0
111257,234693,0
174253,829796,1
204836,252148,0
69287,596881,1
218168,105653,1
223331,461524,1
242436,96640,1
150430,580003,1
243173,270396,1
93465,836758,1
22952,150384,1
24924,651711,1
33569,137622,0
26999,121483,0
42960,864950,1
102072,399080,1
35471,763072,0
119914,701592,1
206668,588879,1
143357,849964,1
234894,105929,0
44127,83208,1
222422,152095,0
251017,409812,0
67922,201772,0
226325,317321,1
203575,515863,0
208866,438525,1
184764,897283,1
254482,290285,1
129755,703185,0
243577,82441,0
148324,733467,0
224658,8554,1
142813,24325,0
18168,314969,1
9206,491067,1
104264,569814,1
195219,468395,1
37484,881476,1
1341,268348,1
35731,501709,1
162928,585747,1
140842,94789,0
240823,795453,0
122537,115186,0
91591,802265,1
108564,20734,1
254267,442330,1
175761,814680,0
125187,819855,1
55463,52353,1
189753,11144,0
213224,37802,1
169402,886042,0
125200,820191,1
102206,393687,0
57246,33107,0
56024,822980,0
27376,426788,1
205600,63034,0
6659,372750,0
187022,876454,1
192980,571114,1
143035,65605,0
69371,595365,1
11873,797718,1
110365,181175,1
178630,750168,1
124859,30593,1
7595,212836,0
212325,759759,1
56390,310071,1
33634,137820,1
192572,816810,1
213348,202776,0
254359,706525,1
100827,284608,1
93080,830650,1
158322,460047,1
40773,76577,1
65508,92885,0
143076,65867,1
173541,650077,1
53681,662679,1
55979,821930,0
178314,679967,0
132497,141388,1
118890,23059,0
176411,311770,0
182861,540048,1
17525,12004,1
208304,340769,0
167841,151050,0
147339,104891,1
28110,289252,0
220422,69981,0
124680,31075,0
70031,682932,1
111910,77307,0
71888,944059,1
133306,180313,0
64717,334299,0
146099,94897,0
241659,41346,1
248260,524385,0
143852,67658,1
4693,310783,1
76751,857294,1
247882,819556,1
187769,35763,1
29870,348584,1
179813,765644,1
86368,692445,1
121150,214450,1
91146,788943,1
228742,521363,1
55469,182640,0
7881,54542,1
224577,8637,0
165280,716347,1
34061,147023,0
228284,642504,0
154284,5764,1
245108,17742,1
154410,5778,0
22711,678608,0
138058,891521,0
188808,631552,1
183834,216903,0
242889,51201,0
107415,1810,0
71428,577039,1
242386,96957,0
57637,12808,0
12302,690273,1
129263,485624,1
236339,751281,0
88605,738603,1
29324,666419,1
23946,927959,1
24539,369044,0
21097,756647,0
122910,118147,0
106610,5374,0
128920,696871,1
216139,333702,0
81190,563969,1
2296,735939,1
42593,4816,0
227786,686710,1
201160,345387,1
110778,343980,0
44675,199891,0
134188,151681,1
55865,81132,1
128223,254680,0
160210,286950,1
186233,423904,0
39079,532982,1
56343,308256,1
163071,76119,0
42522,260171,1
19099,274592,1
8553,43085,0
161799,95271,0
76075,100504,0
115552,770792,0
86433,692802,1
217417,157873,1
86903,703122,1
10357,698836,0
129021,697090,1
231928,829598,1
123139,16770,1
102065,394766,0
160286,287525,1
111351,236033,1
123907,36020,1
201105,346273,0
237863,29429,0
234265,35218,1
110233,181501,0
142822,24200,1
66076,455126,1
197148,21423,0
73372,595948,1
24237,116185,1
6006,163534,1
158170,220389,1
217063,849637,0
243508,81784,1
131172,653729,1
28604,656809,0
43877,92377,1
18946,275197,1
158634,627319,1
156757,332114,1
56010,822898,1
118915,23007,0
186825,316081,0
172329,428156,1
179576,779244,1
24292,60390,1
92106,807945,1
250698,9636,1
204780,251411,1
83907,640812,0
154556,33951,1
41674,834203,1
48356,485851,0
217145,849396,1
238008,176574,0
40166,241780,0
158057,98972,1
185047,480266,0
126813,926696,0
255517,57218,1
6281,472864,1
35940,848197,0
165602,144905,0
132308,886786,1
221014,337998,0
169908,4764,0
73224,18921,1
92080,810970,0
62223,22284,1
30193,416436,0
194740,608557,1
196697,596567,1
224174,104937,0
124969,30348,0
110348,181515,0
103023,420456,1
90894,786655,0
228808,521410,1
223879,343727,1
185238,479189,0
229590,360651,1
146046,95049,0
32383,157450,0
215366,357191,0
128600,420194,1
174647,603787,1
14514,572936,1
88555,738999,1
76461,347548,0
42642,4967,1
254492,290145,0
33764,13873,1
69000,18526,1
187853,35772,1
55935,823096,1
218434,613913,1
231281,57751,1
60570,93567,0
19751,448781,1
249543,128244,1
202423,458624,0
225333,59882,0
151306,680499,1
32163,813391,1
244413,940984,1
120650,627257,0
127440,126207,1
249549,127743,1
130486,396499,0
196218,544918,1
44423,317851,1
104530,570072,1
57664,13076,0
146211,791184,0
189123,71,1
142536,671339,1
140931,94764,0
134497,249608,0
70965,30623,0
25446,448160,0
59989,527304,0
48485,485229,1
47640,369803,1
57383,32993,1
57972,233239,1
112155,498973,1
19509,274777,0
177868,64593,1
101320,328244,1
29158,914871,1
231739,80331,0
130010,13335,1
5973,163571,0
139339,124506,0
12989,38894,0
158504,721572,1
220481,69217,1
249126,456309,1
5784,837710,1
137579,421390,1
172986,162275,0
67568,618614,1
65325,705837,1
217306,13045,1
221780,908986,1
44387,319894,1
228792,519237,1
67422,337660,0
36740,946284,1
144398,741231,1
182138,535531,0
196204,544763,1
115829,770231,1
108692,20371,0
210372,4265,0
148671,172759,0
232032,828992,1
179562,779416,1
237172,102350,1
34208,147604,1
215535,489344,1
97110,912171,1
169794,4611,1
253066,125820,0
182957,536461,1
81820,576167,1
24687,651130,0
140487,38108,0
72707,927718,1
228115,858090,0
221428,676523,0
169601,377218,0
95769,879353,0
25456,447226,0
252926,125618,0
130176,196108,1
17972,156419,0
105076,805230,0
198767,335602,1
185423,738179,1
30807,581699,1
195853,42227,1
68902,568519,1
124394,161276,0
34552,126711,0
187903,12699,1
54961,253139,1
211831,10512,1
9381,27944,1
111891,77657,0
158564,625553,1
170351,737819,1
19181,281265,1
235002,106591,0
59680,874286,0
128448,498343,1
160774,24639,1
68237,891042,1
146738,169348,0
7931,54717,1
74904,942244,1
167189,685248,1
157669,36995,1
246463,22029,1
186790,314250,0
68178,432784,1
49957,326395,1
166925,64507,1
17600,746071,1
169224,648706,0
183376,740301,1
54908,253958,1
28866,682172,1
236477,19586,0
151803,486567,1
19598,280419,0
228541,60505,1
196287,591736,1
91891,807940,1
110435,181653,0
28518,738221,0
176879,54156,0
78068,477483,1
64842,334236,1
227735,686885,1
204684,251800,0
118459,267739,1
35212,439589,0
35604,232047,0
158198,220298,1
119683,713310,1
147303,104542,0
177679,607598,1
5776,838173,1
227501,88298,1
47684,369658,0
98126,924050,1
26783,122143,0
102814,421122,0
61769,507241,1
247473,12144,0
100733,289221,1
243375,108435,0
49193,300936,0
68246,891082,1
200757,948047,1
51483,798708,1
77067,3409,1
37359,956439,0
43207,314785,1
3540,73466,0
122846,117874,0
35821,501378,0
224946,28092,1
54456,188910,0
216990,793476,0
156059,53194,1
98542,938183,1
53584,738,1
45763,275940,0
104317,570585,0
98808,943988,1
109930,44339,0
231971,829525,1
143107,65805,0
131325,332640,0
53940,219683,0
129991,13357,1
10094,757931,1
92020,807400,1
19137,274790,1
119886,700239,0
248887,285318,0
210396,4395,0
162489,51877,0
205000,846624,0
158138,220146,1
243681,81972,0
17857,741474,1
184789,303,0
103408,426963,1
151609,78507,1
237382,471043,1
69559,776660,1
192368,502621,0
149908,924283,1
148370,733026,1
251861,12638,0
127087,264884,1
224631,8623,0
162871,271987,0
22315,944618,1
191291,28211,0
156520,496,0
44314,319310,1
150532,580632,1
188203,558903,1
176040,862189,1
136507,23687,0
178545,841998,1
68488,191197,1
174804,17427,1
157413,859813,0
209295,736648,1
247077,739761,1
22943,150565,0
223404,786072,1
112226,593328,1
7874,54599,1
108200,766089,0
238088,176502,0
149712,734199,1
169151,648521,1
198648,336040,1
221517,676725,0
218163,106211,0
217197,590470,1
238862,257307,1
38323,5044,0
45643,2756,1
217096,849578,0
32621,97309,1
179656,779635,1
119057,955975,1
209951,677472,0
228974,31958,1
212728,27037,1
93226,830678,1
77042,3330,0
249738,419141,1
33691,136765,1
114441,673125,0
175580,440650,1
107632,57911,1
212587,26927,0
13656,901890,1
157171,496065,1
131323,335130,0
198887,24838,1
122937,204858,1
190785,210695,0
249733,418842,1
43696,56608,1
250062,11663,1
79666,521574,1
111299,235880,0
77868,464342,1
18108,155061,0
36602,543173,0
111773,791420,1
176370,310220,0
113867,820923,1
150094,292536,0
96488,896739,1
241604,40540,1
145217,192880,0
210481,75369,1
136584,23731,0
230133,573842,1
227082,910001,1
46198,629950,1
237461,471245,0
6388,52844,1
101595,387283,1
229518,359577,1
18363,136752,1
220331,615074,0
123355,263188,0
153515,326430,0
56466,588036,1
24170,117987,0
20501,633315,1
77412,461559,1
207157,654203,1
248558,245015,1
99479,263034,1
47077,17386,0
9244,491284,1
48105,228943,0
158420,823200,1
209027,909160,1
250307,69037,1
12214,750782,0
40601,159858,1
59639,874863,1
153223,13569,1
149230,9337,0
17516,11889,1
221515,675543,1
48744,320965,1
244511,312075,1
4085,725924,1
168846,661195,1
106512,5540,1
55538,182307,0
169932,4745,1
106983,466592,1
138834,475352,0
139503,753824,1
156742,330547,1
163579,66368,0
2506,164472,0
156967,332495,0
145573,912058,0
1150,350916,0
204644,252478,0
68578,395889,1
101635,379876,0
161837,95016,1
1755,295735,0
160678,24917,0
29523,134644,1
53946,222032,1
212599,27191,0
137299,210927,0
138543,309648,0
49370,112201,0
141412,600318,1
140199,8107,1
218651,862515,1
90720,786793,1
125516,661654,0
26114,24822,1
7847,54458,1
130261,194141,0
220049,807376,0
200544,70827,0
132784,693325,0
102917,411332,1
63605,304513,0
168240,273142,1
70775,950222,1
247752,542828,1
16379,949379,0
213994,427311,1
63936,15710,1
69633,777912,1
1540,832273,1
184816,268,0
169556,379186,1
46807,262344,0
159858,261123,0
224919,28400,1
48705,321328,1
28504,738482,1
37324,956738,1
152193,117309,1
195351,395343,1
27914,8969,0
64504,455989,1
115663,772418,1
186193,424173,1
219058,356033,1
11929,903619,0
66647,165099,0
246537,600438,1
65800,93564,0
82228,584617,1
30910,747735,0
156526,449,1
165820,57033,1
179070,628976,0
9137,479955,1
36089,724427,1
52818,293900,1
7351,88941,0
209390,49082,1
140395,7876,1
184139,833885,1
113297,443707,1
40812,76081,1
195178,466693,1
77989,477202,1
43598,859581,0
253295,905310,0
34960,292091,1
102868,415826,1
101218,327615,1
137650,421705,1
203102,49897,1
173214,436811,1
158041,28283,1
157138,496060,0
33876,13776,0
244929,668988,1
173605,650097,1
41652,667210,0
225970,206051,1
214818,949288,1
141884,118314,0
60471,93303,1
167049,857521,1
125251,819466,0
150070,292854,1
29193,9982,1
46796,263323,0
10946,575,0
4179,364819,0
11239,339608,1
211943,10500,1
146252,791542,1
237151,101801,1
93229,830273,1
206346,387612,1
148580,172931,1
57627,12935,0
42551,687500,1
43965,92700,0
251722,577339,1
108709,20701,0
52859,294952,0
121154,214299,1
251706,577710,1
208150,339030,1
206688,588540,0
129464,173472,1
106322,924734,1
236516,19660,0
176186,728168,1
218522,614661,1
142659,836509,0
101240,328125,1
230149,575188,1
39368,782483,0
98609,937339,1
249536,127510,1
112856,915650,1
128262,496259,0
196917,34309,0
185052,480497,0
254126,9792,0
194709,607713,1
81538,566418,1
147896,885160,0
76240,101520,1
129489,173656,0
71039,30710,1
106639,5548,0
1057,308709,0
223064,831796,1
180375,581474,0
250126,11363,1
220247,895435,1
63986,341886,1
190256,796679,0
237771,29968,0
164471,67293,1
68964,18310,0
151478,19619,1
127653,10786,0
6612,373542,1
246187,245858,1
152105,61859,0
213634,509286,1
80784,563960,1
72877,491860,1
21424,848911,1
204623,949690,0
68204,891016,1
90686,786610,1
93990,843005,1
161901,94572,0
19869,451534,1
98045,926144,1
815,689637,1
139287,826125,1
162579,2280,1
213681,509084,1
216300,332544,0
94224,850739,1
235921,2892,1
4563,291418,1
128743,418797,0
968,308647,0
66546,86533,0
41678,833791,1
938,307079,1
234986,106212,0
62643,298429,0
57889,231360,1
134464,249604,0
78258,474856,1
181994,529644,0
156565,113696,0
102870,408408,1
221073,335854,1
145431,190655,1
68376,283112,1
76662,636741,1
75309,306896,0
161003,63345,0
167659,109285,0
199582,887699,1
132120,754969,1
13056,38661,0
155163,98443,0
248430,243153,1
55332,52122,1
72040,379847,1
68272,890968,1
94634,857506,1
64463,457704,0
107877,6833,0
82590,606150,1
236590,19940,0
53823,663927,1
7354,88868,1
236734,376614,1
172850,161996,1
15575,463495,0
187304,523519,1
115751,771822,1
33548,645424,0
113650,426272,1
53877,222080,0
177285,601203,1
198609,335672,1
45454,811455,0
32680,97961,0
142135,118629,1
2076,691289,1
165675,143136,0
250647,9744,1
224959,28586,0
249041,283150,0
24504,369706,0
78495,490456,1
239372,827799,1
163848,863188,0
245287,17651,0
156836,330327,0
121130,7609,0
29913,349018,0
48896,725888,0
233732,909586,0
196401,589752,0
108773,20771,0
127092,265065,1
145066,191430,1
142200,119976,0
139682,123753,1
215821,45428,0
198455,146577,1
113963,888286,1
57673,12886,1
77032,3315,0
213565,202924,0
134530,249221,0
53798,663932,1
253470,6291,1
211029,4040,0
86382,692264,0
215875,44863,1
213317,203145,0
128676,420185,0
180291,582466,0
250045,324021,0
140163,7941,0
12876,39138,0
197077,21036,0
72070,379858,1
197864,516157,1
177876,64180,1
157219,494276,1
103483,427799,1
220586,69091,0
237297,472332,1
228523,60491,1
118632,330417,1
181083,862169,0
169400,885913,1
179871,765622,1
171771,361944,0
244297,50795,0
154313,5958,0
149369,9576,0
173933,129777,0
100823,288586,1
156435,783882,1
151156,680233,1
99880,261967,1
195464,393234,1
99712,262628,1
27730,9070,0
251461,727870,1
135688,365525,1
72943,174625,1
241142,567726,1
7242,643137,1
158067,98721,1
86636,697300,1
144492,452684,0
